"Year","Month","Pl_inp_t_C_ha","OA_inp_t_C_ha","TEMP_C","RM_Temp","RAIN_mm","PEVAP_mm","SMD_mm","RM_Moist","PC","RM_PC","DPM_t_C_ha","RPM_t_C_ha","Bio_t_C_ha","Hum_t_C_ha","IOM_t_C_ha","SOC_t_C_ha","CO2_t_C_ha"
2021,1,0,0,2.88,0.316019638505979,54.82,0.57,0,1,1,0.6,0.725204767345195,10.2356093160441,1.23649815083781,49.1060859277294,3.0041,64.3074981619565,0.159387326865674
2021,2,0,0,3.05,0.32882340460535,46.74,0.83,0,1,1,0.6,0.615258405061689,10.1852479994378,1.24124514701124,49.1111796877689,3.0041,64.1570312392796,0.309854249542509
2021,3,0,0,6,0.598546118474744,48.39,1.73,0,1,1,0.6,0.456126093058121,10.094212169687,1.24593050024345,49.115791940895,3.0041,63.9161607038835,0.550724784938578
2021,4,0,0,9.8,1.0706987845671,36.47,3.03,0,1,1,0.6,0.267045725120457,9.9333891635109,1.24516344086548,49.1131077109816,3.0041,63.5628060404784,0.904079448343686
2021,5,0,0,13.16,1.5859418570357,62.3,3.82,0,1,1,0.6,0.120837778236154,9.69987110677385,1.23133971715332,49.093584028936,3.0041,63.1497326310993,1.31715285772284
2021,6,0,0,16.29,2.12768013300982,56.5,4.44,0,1,1,0.6,0.041704494461486,9.39518567145243,1.20233995696508,49.0532078457177,3.0041,62.6965379685967,1.77034752022539
2021,7,0,0,18.28,2.49446869823901,66.59,4.65,0,1,1,0.6,0.0119816289359853,9.05014124697742,1.16375999303385,48.9972419702295,3.0041,62.2272248391767,2.23966064964539
2021,8,2.08,0,17.18,2.28994534587584,76.22,3.49,0,1,1,0.6,1.23135392870324,9.59701370025682,1.12772242956157,48.9422977728256,3.0041,63.9024878313473,2.64439765747485
2021,9,0,0,14.43,1.79968491624477,45.91,2.34,0,1,0,1,0.274824350411818,9.17479320098602,1.17697296450718,48.9782939241992,3.0041,62.6089844401043,3.93790104871786
2021,10,0,0,11.08,1.25746604930028,58.98,1.25,0,1,1,0.6,0.146554759436858,9.00336020299913,1.16812803849949,48.9625216726186,3.0041,62.2846646735541,4.26222081526802
2021,11,0,0,6.75,0.681129100594298,54.73,0.69,0,1,1,0.6,0.104254454926299,8.9118417586068,1.16057332181546,48.9507934598783,3.0041,62.1315629952269,4.41532249359524
2021,12,0,0,3.83,0.391419959832174,67.75,0.5,0,1,1,0.6,0.0857232953416162,8.85967097248147,1.155664073571,48.9433587782217,3.0041,62.0485171196158,4.49836836920634
2022,1,0,0,2.88,0.316019638505979,54.82,0.57,0,1,1,0.6,0.0731940983221614,8.8177729052573,1.15147980145664,48.9370566875215,3.0041,61.9836034925576,4.56328199626454
2022,2,0,0,3.05,0.32882340460535,46.74,0.83,0,1,1,0.6,0.0620973361199455,8.77438763728426,1.1469640464868,48.9302552174541,3.0041,61.9178042373451,4.62908125147705
2022,3,0,0,6,0.598546118474744,48.39,1.73,0,1,1,0.6,0.046036291549512,8.69596208896581,1.13846734619432,48.9173364832469,3.0041,61.8019022099565,4.74498327886561
2022,4,0,0,9.8,1.0706987845671,36.47,3.03,0,1,1,0.6,0.0269526235087141,8.55741628259364,1.12272712556274,48.892907912699,3.0041,61.6041039443641,4.94278154445801
2022,5,0,0,13.16,1.5859418570357,62.3,3.82,0,1,1,0.6,0.0121960205165593,8.35624514270296,1.09890444364396,48.854666479965,3.0041,61.3261120868285,5.22077340199363
2022,6,0,0,16.29,2.12768013300982,56.5,4.44,0,1,1,0.6,0.004209187536459,8.09376472817674,1.06717516947438,48.8010523839879,3.0041,60.9703014691755,5.57658401964663
2022,7,2.24,0,18.28,2.49446869823901,66.59,4.65,0,1,1,0.6,1.32317650539452,8.71454863780396,1.03109470879045,48.7361106054114,3.0041,62.8090304574003,5.97785503142183
2022,8,0,0,17.18,2.28994534587584,76.22,3.49,0,1,1,0.6,0.421077918140067,8.42029367595946,1.08786699497958,48.7793792719187,3.0041,61.7127178609978,7.07416762782427
2022,9,0,0,14.43,1.79968491624477,45.91,2.34,0,1,1,0.6,0.171224478803634,8.19602624286078,1.0846742924148,48.7615586650303,3.0041,61.2175836791095,7.56930180971261
2022,10,0,0,11.08,1.25746604930028,58.98,1.25,0,1,1,0.6,0.091308365736754,8.04288171746245,1.07284499803664,48.7381512422475,3.0041,60.9492863234833,7.83759916533876
2022,11,0,0,6.75,0.681129100594298,54.73,0.69,0,1,1,0.6,0.0649539048521843,7.96112646091184,1.0647410094011,48.7234448789512,3.0041,60.8183662541163,7.96851923470579
2022,12,0,0,3.83,0.391419959832174,67.75,0.5,0,1,1,0.6,0.0534083917389553,7.91452125436094,1.05973952356306,48.7145471032854,3.0041,60.7463162729484,8.04056921587374
2023,1,0,0,2.88,0.316019638505979,54.82,0.57,0,1,1,0.6,0.0456022958589158,7.87709287303703,1.05557238539593,48.707169186452,3.0041,60.6895367407439,8.09734874807818
2023,2,0,0,3.05,0.32882340460535,46.74,0.83,0,1,1,0.6,0.0386886533027336,7.8383359455433,1.05114591210692,48.6993330092293,3.0041,60.6316035201823,8.15528196863978
2023,3,1.12,0,6,0.598546118474744,48.39,1.73,0,1,1,0.6,0.689665708470128,8.22729322832829,1.04295679900968,48.684713580105,3.0041,61.6487293159131,8.25815617290895
2023,4,0,0,9.8,1.0706987845671,36.47,3.03,0,1,1,0.6,0.403774925425395,8.09621434793329,1.05491346092263,48.6891552666001,3.0041,61.2481580008814,8.65872748794067
2023,5,0,0,13.16,1.5859418570357,62.3,3.82,0,1,1,0.6,0.182707530232379,7.90588532625347,1.0528207568369,48.6726866330339,3.0041,60.8182002463566,9.08868524246548
2023,6,0,0,16.29,2.12768013300982,86.5,4.44,0,1,1,0.6,0.0630574750204093,7.65755129318074,1.0331770069659,48.6299785343546,3.0041,60.3878643095217,9.51902117930043
2023,7,0,2.784,18.28,2.49446869823901,96.59,4.65,0,1,1,0.6,1.38227630322081,8.74048264361059,1.00195723732928,48.6236952140233,3.0041,62.7525113981839,9.93837409063814
2023,8,0,0,17.18,2.28994534587584,106.22,3.49,0,1,1,0.6,0.439885401291207,8.44535199557668,1.06454781902019,48.671561634673,3.0041,61.6254468505611,11.065438638261
2023,9,0,0,14.43,1.79968491624477,45.91,2.34,0,1,1,0.6,0.17887223557603,8.22041715523134,1.06368045138129,48.6550861956903,3.0041,61.122156037879,11.5687294509431
2023,10,2.3,0,11.08,1.25746604930028,58.98,1.25,0,1,1,0.6,1.45276371129923,9.00943983117259,1.05299409349252,48.6321525345829,3.0041,63.1514501705472,11.8394353182749
2023,11,0,0,6.75,0.681129100594298,54.73,0.69,0,1,1,0.6,1.03345049618441,8.9178595878407,1.08367668320044,48.6625324656965,3.0041,62.701619232922,12.2892662559001
2023,12,0,0,3.83,0.391419959832174,67.75,0.5,0,1,1,0.6,0.849755362185568,8.8656535727593,1.09539666500603,48.6735733569566,3.0041,62.4884789569075,12.5024065319145
2024,1,0,0,2.88,0.316019638505979,54.82,0.57,0,1,1,0.6,0.725556306272787,8.82372721335708,1.10241724149036,48.6797760487938,3.0041,62.335576809914,12.655308678908
2024,2,0,0,3.05,0.32882340460535,46.74,0.83,0,1,1,0.6,0.615556648109234,8.78031264895565,1.10780290849167,48.6840609765254,3.0041,62.1918331820819,12.7990523067401
2024,3,0,0,6,0.598546118474744,48.39,1.73,0,1,1,0.6,0.456347197613442,8.70183414283451,1.11363537162219,48.6872116222706,3.0041,61.9631283343408,13.0277571544813
2024,4,0,0,9.8,1.0706987845671,36.47,3.03,0,1,1,0.6,0.267175174032067,8.56319478172625,1.11487371464549,48.6819486761861,3.0041,61.6312923465899,13.3595931422322
2024,5,0,0,13.16,1.5859418570357,62.3,3.82,0,1,1,0.6,0.120896353668758,8.36188779858348,1.10393139890992,48.6586918879247,3.0041,61.2495074390869,13.7413780497352
2024,6,0,0,16.29,2.12768013300982,56.5,4.44,0,1,1,0.6,0.0417247104803526,8.09923014097388,1.07865645748585,48.6134712777683,3.0041,60.8371825867083,14.1537029021137
2024,7,0,0,18.28,2.49446869823901,66.59,4.65,0,1,1,0.6,0.0119874369631476,7.80178054280633,1.04427847806173,48.5520604367716,3.0041,60.4142068946028,14.5766785942193
2024,8,2.08,0,17.18,2.28994534587584,76.22,3.49,0,1,1,0.6,1.23135577700691,8.3908050737941,1.01199352493301,48.4923310721483,3.0041,62.1305854478823,14.9403000409397
2024,9,0,0,14.43,1.79968491624477,45.91,2.34,0,1,0,1,0.274824762932412,8.02165170815427,1.06592409707607,48.5223655667359,3.0041,60.8888661348986,16.1820193539234
2024,10,0,0,11.08,1.25746604930028,58.98,1.25,0,1,1,0.6,0.146554979420482,7.87176540870201,1.05905424792531,48.504186000215,3.0041,60.5856606362628,16.4852248525593
2024,11,0,0,6.75,0.681129100594298,54.73,0.69,0,1,1,0.6,0.104254611415743,7.79174953589646,1.05256657550776,48.4911765294656,3.0041,60.4438472522855,16.6270382365365
2024,12,0,0,3.83,0.391419959832174,67.75,0.5,0,1,1,0.6,0.085723424015166,7.74613587829456,1.04826915000713,48.4830127390126,3.0041,60.3672411913295,16.7036442974926
2025,1,0,0,2.88,0.316019638505979,54.82,0.57,0,1,1,0.6,0.073194208188965,7.70950380439877,1.04457700697589,48.4761258886361,3.0041,60.3075009081997,16.7633845806223
2025,2,0,0,3.05,0.32882340460535,46.74,0.83,0,1,1,0.6,0.0620974293301358,7.67157144981368,1.0405707952643,48.4687197163076,3.0041,60.2470593907157,16.8238260981064
2025,3,0,0,6,0.598546118474744,48.39,1.73,0,1,1,0.6,0.0460363606515341,7.60300288158001,1.03299069236132,48.4547104024985,3.0041,60.1408403370913,16.9300451517307
2025,4,0,0,9.8,1.0706987845671,36.47,3.03,0,1,1,0.6,0.0269526639655086,7.48187031978848,1.01885610754954,48.4283632105229,3.0041,59.9601423018264,17.1107431869956
2025,5,0,0,13.16,1.5859418570357,62.3,3.82,0,1,1,0.6,0.0121960388231963,7.30598354146175,0.997344622101827,48.3873535691234,3.0041,59.7069777715102,17.3639077173118
2025,6,0,0,16.29,2.12768013300982,56.5,4.44,0,1,1,0.6,0.00420919385459108,7.07649319553057,0.968605844779527,48.3301593963663,3.0041,59.383567630531,17.6873178582911
2025,7,2.24,0,18.28,2.49446869823901,66.59,4.65,0,1,1,0.6,1.32317650720971,7.73463707682746,0.935898843699685,48.2612073281281,3.0041,61.2590197558649,18.0518657329571
2025,8,0,0,17.18,2.28994534587584,76.22,3.49,0,1,1,0.6,0.421077918717719,7.47346975393827,0.995681822925225,48.3009628667938,3.0041,60.195292362375,19.1155931264471
2025,9,0,0,14.43,1.79968491624477,45.91,2.34,0,1,1,0.6,0.171224479038527,7.27442017888109,0.994812053350792,48.2804895442248,3.0041,59.7250462554952,19.5858392333269
2025,10,0,0,11.08,1.25746604930028,58.98,1.25,0,1,1,0.6,0.0913083658620146,7.13849606238462,0.984588110541376,48.2552833217935,3.0041,59.4737758605815,19.8371096282406
2025,11,0,0,6.75,0.681129100594298,54.73,0.69,0,1,1,0.6,0.0649539049412907,7.06593381449048,0.977351137838968,48.2396207434436,3.0041,59.3519596007143,19.9589258881078
2025,12,0,0,3.83,0.391419959832174,67.75,0.5,0,1,1,0.6,0.0534083918122231,7.0245691525276,0.972846697850222,48.2301792030683,3.0041,59.2851034452583,20.0257820435637
2026,1,0,0,2.88,0.316019638505979,54.82,0.57,0,1,1,0.6,0.0456022959214749,6.99134942332009,0.969079328460206,48.2223653829136,3.0041,59.2324964306153,20.0783890582067
2026,2,0,0,3.05,0.32882340460535,46.74,0.83,0,1,1,0.6,0.0386886533558083,6.95695053694788,0.965066739065981,48.2140786369076,3.0041,59.1788845662773,20.1320009225448
2026,3,1.12,0,6,0.598546118474744,48.39,1.73,0,1,1,0.6,0.689665708509475,7.35378564970874,0.957622090354017,48.1986471559181,3.0041,60.2038206044903,20.2270648843318
2026,4,0,0,9.8,1.0706987845671,36.47,3.03,0,1,1,0.6,0.403774925448431,7.23662366667529,0.970882678100633,48.201661983073,3.0041,59.8170432532974,20.6138422355247
2026,5,0,0,13.16,1.5859418570357,62.3,3.82,0,1,1,0.6,0.182707530242803,7.06650224405078,0.970666408138722,48.1831387303254,3.0041,59.4071149127577,21.0237705760644
2026,6,0,0,16.29,2.12768013300982,86.5,4.44,0,1,1,0.6,0.0630574750240069,6.84453431388676,0.953449694158061,48.137780984096,3.0041,59.0029224671648,21.4279630216573
2026,7,0,2.784,18.28,2.49446869823901,96.59,4.65,0,1,1,0.6,1.38227630322184,7.95732425205706,0.924966395211151,48.1285405263805,3.0041,61.3972074768706,21.8176780119515
2026,8,0,0,17.18,2.28994534587584,106.22,3.49,0,1,1,0.6,0.439885401291536,7.68863768646536,0.989997813049364,48.1738266428849,3.0041,60.2964475436912,22.9184379451309
2026,9,0,0,14.43,1.79968491624477,45.91,2.34,0,1,1,0.6,0.178872235576164,7.48385729467304,0.991012800663989,48.1554097195356,3.0041,59.8132520504488,23.4016334383732
2026,10,2.3,0,11.08,1.25746604930028,58.98,1.25,0,1,1,0.6,1.4527637112993,8.28664275112892,0.981626864885714,48.1311631431135,3.0041,61.8562964704274,23.6585890183947
2026,11,0,0,6.75,0.681129100594298,54.73,0.69,0,1,1,0.6,1.03345049618446,8.20240968295003,1.01301162895394,48.1608463735432,3.0041,61.4138181816317,24.1010673071904
2026,12,0,0,3.83,0.391419959832174,67.75,0.5,0,1,1,0.6,0.849755362185609,8.15439198101225,1.02513410888395,48.1714914714995,3.0041,61.2048729235813,24.3100125652408
2027,1,0,0,2.88,0.316019638505979,54.82,0.57,0,1,1,0.6,0.725556306272823,8.11582923252488,1.03247838787784,48.1773770971761,3.0041,61.0553410238516,24.4595444649704
2027,2,0,0,3.05,0.32882340460535,46.74,0.83,0,1,1,0.6,0.615556648109264,8.07589767272403,1.0381991669208,48.1813345025322,3.0041,60.9150879902862,24.5997974985358
2027,3,0,0,6,0.598546118474744,48.39,1.73,0,1,1,0.6,0.456347197613464,8.00371523340988,1.04463436076689,48.1838954384405,3.0041,60.6926922302308,24.8221932585913
2027,4,0,0,9.8,1.0706987845671,36.47,3.03,0,1,1,0.6,0.26717517403208,7.87619844232439,1.04692824093603,48.1775981647079,3.0041,60.3720000220004,25.1428854668217
2027,5,0,0,13.16,1.5859418570357,62.3,3.82,0,1,1,0.6,0.120896353668764,7.69104164191602,1.03750456608572,48.1528562866235,3.0041,60.006398848294,25.5084866405281
2027,6,0,0,16.29,2.12768013300982,56.5,4.44,0,1,1,0.6,0.0417247104803547,7.44945612547489,1.01419323912171,48.1057284996386,3.0041,59.6152025747155,25.8996829141065
2027,7,0,0,18.28,2.49446869823901,66.59,4.65,0,1,1,0.6,0.0119874369631482,7.1758699089431,0.98202831555003,48.0422007521261,3.0041,59.2161864135824,26.2986990752397
2027,8,2.08,0,17.18,2.28994534587584,76.22,3.49,0,1,1,0.6,1.23135577700691,7.78602890338277,0.951716508816223,47.9806351572242,3.0041,60.9538363464301,26.641049142392
2027,9,0,0,14.43,1.79968491624477,45.91,2.34,0,1,0,1,0.274824762932412,7.44348265789442,1.00810385766143,48.0084176805388,3.0041,59.7389289590271,27.855956529795
2027,10,0,0,11.08,1.25746604930028,58.98,1.25,0,1,1,0.6,0.146554979420482,7.30439957236296,1.00226885595882,47.9893398347384,3.0041,59.4466632424806,28.1482222463415
2027,11,0,0,6.75,0.681129100594298,54.73,0.69,0,1,1,0.6,0.104254611415743,7.23015092841111,0.9963398534623,47.9758551060682,3.0041,59.3107004993573,28.2841849894648
2027,12,0,0,3.83,0.391419959832174,67.75,0.5,0,1,1,0.6,0.085723424015166,7.18782492353388,0.99236263503601,47.9674217802935,3.0041,59.2374327628785,28.3574527259436
2028,1,0,0,2.88,0.316019638505979,54.82,0.57,0,1,1,0.6,0.073194208188965,7.15383314519615,0.988927996562687,47.9603192596643,3.0041,59.1803746096121,28.41451087921
2028,2,0,0,3.05,0.32882340460535,46.74,0.83,0,1,1,0.6,0.0620974293301358,7.11863480527818,0.985188349843494,47.9526905494459,3.0041,59.1227111338977,28.4721743549244
2028,3,0,0,6,0.598546118474744,48.39,1.73,0,1,1,0.6,0.0460363606515341,7.05500838928642,0.978087647160526,47.9382812225374,3.0041,59.0215136196359,28.5733718691862
2028,4,0,0,9.8,1.0706987845671,36.47,3.03,0,1,1,0.6,0.0269526639655086,6.94260658529323,0.964792481533139,47.9112345763661,3.0041,58.8496863071579,28.7451991816641
2028,5,0,0,13.16,1.5859418570357,62.3,3.82,0,1,1,0.6,0.0121960388231963,6.77939703296412,0.944488392698548,47.8692256600943,3.0041,58.6094071245801,28.985478364242
2028,6,0,0,16.29,2.12768013300982,56.5,4.44,0,1,1,0.6,0.00420919385459108,6.56644744698839,0.917310235835232,47.8107575413272,3.0041,58.3028244180054,29.2920610708167
2028,7,2.24,0,18.28,2.49446869823901,66.59,4.65,0,1,1,0.6,1.32317650720971,7.24332309665218,0.886361352577362,47.7404050248841,3.0041,60.1973659813234,29.6375195074987
2028,8,0,0,17.18,2.28994534587584,76.22,3.49,0,1,1,0.6,0.421077918717719,6.9987454541353,0.947711238235633,47.7789586619896,3.0041,59.1505932730782,30.6842922157439
2028,9,0,0,14.43,1.79968491624477,45.91,2.34,0,1,1,0.6,0.171224479038527,6.81233976113777,0.948049097373999,47.757594539398,3.0041,58.6933078769483,31.1415776118738
2028,10,0,0,11.08,1.25746604930028,58.98,1.25,0,1,1,0.6,0.0913083658620146,6.68504971732167,0.938659092803341,47.7317930436752,3.0041,58.4509102196622,31.3839752691599
2028,11,0,0,6.75,0.681129100594298,54.73,0.69,0,1,1,0.6,0.0649539049412907,6.61709671566226,0.931872312347687,47.7158170144471,3.0041,58.3338399473983,31.5010455414238
2028,12,0,0,3.83,0.391419959832174,67.75,0.5,0,1,1,0.6,0.0534083918122231,6.57835958961422,0.927625899030024,47.7061981890691,3.0041,58.2696920695256,31.5651934192965
2029,1,0,0,2.88,0.316019638505979,54.82,0.57,0,1,1,0.6,0.0456022959214749,6.54725001983826,0.924066024107923,47.6982427804262,3.0041,58.2192611202938,31.6156243685283
2029,2,0,0,3.05,0.32882340460535,46.74,0.83,0,1,1,0.6,0.0386886533558083,6.51503619445976,0.92026822235273,47.6898101972069,3.0041,58.1679032673752,31.6669822214469
2029,3,1.12,0,6,0.598546118474744,48.39,1.73,0,1,1,0.6,0.689665708509475,6.91582114122069,0.913209823141308,47.6741172857855,3.0041,59.196913958657,31.7579715301651
2029,4,0,0,9.8,1.0706987845671,36.47,3.03,0,1,1,0.6,0.403774925448431,6.80563689628798,0.927146622805868,47.6766772746261,3.0041,58.8173357191684,32.1375497696537
2029,5,0,0,13.16,1.5859418570357,62.3,3.82,0,1,1,0.6,0.182707530242803,6.64564728179498,0.927902790975575,47.6575095631054,3.0041,58.4178671661188,32.5370183227033
2029,6,0,0,16.29,2.12768013300982,86.5,4.44,0,1,1,0.6,0.0630574750240069,6.43689894764111,0.911942659666616,47.6113402457152,3.0041,58.0273393280469,32.9275461607752
2029,7,0,2.784,18.28,2.49446869823901,96.59,4.65,0,1,1,0.6,1.38227630322184,7.56465956497204,0.884874556750764,47.6012223349083,3.0041,60.437132759853,33.3017527289691
2029,8,0,0,17.18,2.28994534587584,106.22,3.49,0,1,1,0.6,0.439885401291536,7.30923169324025,0.951167023109502,47.645769453998,3.0041,59.3501535716393,34.3887319171828
2029,9,0,0,14.43,1.79968491624477,45.91,2.34,0,1,1,0.6,0.178872235576164,7.11455646065939,0.953153829786809,47.6268144518278,3.0041,58.8774969778502,34.8613885109719
2029,10,2.3,0,11.08,1.25746604930028,58.98,1.25,0,1,1,0.6,1.4527637112993,7.92424238317997,0.944438978174685,47.6022134539177,3.0041,60.9277585265716,35.1111269622505
2029,11,0,0,6.75,0.681129100594298,54.73,0.69,0,1,1,0.6,1.03345049618446,7.84369308607922,0.976186033335322,47.6317118361516,3.0041,60.4891414517506,35.5497440370715
2029,12,0,0,3.83,0.391419959832174,67.75,0.5,0,1,1,0.6,0.849755362185609,7.79777534589591,0.98851616283229,47.6422529644115,3.0041,60.2823998353253,35.7564856534968
2030,1,0,0,2.88,0.316019638505979,54.82,0.57,0,1,1,0.6,0.725556306272823,7.76089906497575,0.996027422833053,47.6480558751933,3.0041,60.1346386692749,35.9042468195472
2030,2,0,0,3.05,0.32882340460535,46.74,0.83,0,1,1,0.6,0.615556648109264,7.72271383506981,1.00192104700034,47.6519283959113,3.0041,59.9962199260908,36.0426655627314
2030,3,0,0,6,0.598546118474744,48.39,1.73,0,1,1,0.6,0.456347197613464,7.65368815577929,1.00866703601239,47.6543380241829,3.0041,59.7771404135881,36.261745075234
2030,4,0,0,9.8,1.0706987845671,36.47,3.03,0,1,1,0.6,0.26717517403208,7.53174806606695,1.01150493583906,47.6477802728698,3.0041,59.4623084488078,36.5765770400143
2030,5,0,0,13.16,1.5859418570357,62.3,3.82,0,1,1,0.6,0.120896353668764,7.3546887418756,1.00286342226995,47.6226758110445,3.0041,59.1052243288589,36.9336611599633
2030,6,0,0,16.29,2.12768013300982,56.5,4.44,0,1,1,0.6,0.0417247104803547,7.12366850291521,0.980562524479239,47.5751036911041,3.0041,58.7251594289789,37.3137260598432
2030,7,0,0,18.28,2.49446869823901,66.59,4.65,0,1,1,0.6,0.0119874369631482,6.86204705287747,0.949535271254105,47.5111137558114,3.0041,58.3387835169061,37.700101971916
2030,8,2.08,0,17.18,2.28994534587584,76.22,3.49,0,1,1,0.6,1.23135577700691,7.48280257232096,0.920237108324354,47.4491766047656,3.0041,60.0876720624178,38.0312134264043
2030,9,0,0,14.43,1.79968491624477,45.91,2.34,0,1,0,1,0.274824762932412,7.15359676552445,0.97788496862251,47.4765479557896,3.0041,58.886954452869,39.2319310359531
2030,10,0,0,11.08,1.25746604930028,58.98,1.25,0,1,1,0.6,0.146554979420482,7.01993026067382,0.972581160595693,47.4573201403549,3.0041,58.6004865410449,39.5183989477772
2030,11,0,0,6.75,0.681129100594298,54.73,0.69,0,1,1,0.6,0.104254611415743,6.94857322477676,0.96693894811384,47.44375971723,3.0041,58.4676265015363,39.6512589872858
2030,12,0,0,3.83,0.391419959832174,67.75,0.5,0,1,1,0.6,0.085723424015166,6.90789560309033,0.963126110371908,47.4352846451518,3.0041,58.3961297826292,39.7227557061929
2031,1,0,0,2.88,0.316019638505979,54.82,0.57,0,1,1,0.6,0.073194208188965,6.87522763209515,0.959823656604224,47.4281493738787,3.0041,58.3404948707671,39.778390618055
2031,2,0,0,3.05,0.32882340460535,46.74,0.83,0,1,1,0.6,0.0620974293301358,6.84140008897298,0.956220831878558,47.4204875053924,3.0041,58.2843058555741,39.834579633248
2031,3,0,0,6,0.598546118474744,48.39,1.73,0,1,1,0.6,0.0460363606515341,6.78025159913834,0.94936611987866,47.4060203185488,3.0041,58.1857743982173,39.9331110906048
2031,4,0,0,9.8,1.0706987845671,36.47,3.03,0,1,1,0.6,0.0269526639655086,6.6722272752512,0.936501442630055,47.378878105247,3.0041,58.0186594870937,40.1002260017284
2031,5,0,0,13.16,1.5859418570357,62.3,3.82,0,1,1,0.6,0.0121960388231963,6.51537390710289,0.916816106876966,47.3367457241136,3.0041,57.7852317769167,40.3336537119054
2031,6,0,0,16.29,2.12768013300982,56.5,4.44,0,1,1,0.6,0.00420919385459108,6.31071762731159,0.890437000539145,47.278144722372,3.0041,57.4876085440774,40.6312769447447
2031,7,2.24,0,18.28,2.49446869823901,66.59,4.65,0,1,1,0.6,1.32317650720971,6.99698512419768,0.860387493239917,47.2076820792362,3.0041,59.3923312038835,40.9665542849386
2031,8,0,0,17.18,2.28994534587584,76.22,3.49,0,1,1,0.6,0.421077918717719,6.76072531587947,0.922538616509234,47.2461755647216,3.0041,58.354617415828,42.0042680729941
2031,9,0,0,14.43,1.79968491624477,45.91,2.34,0,1,1,0.6,0.171224479038527,6.58065908887762,0.923493973302158,47.2247904170528,3.0041,57.9042679582711,42.454617530551
2031,10,0,0,11.08,1.25746604930028,58.98,1.25,0,1,1,0.6,0.0913083658620146,6.45769804859884,0.914530449511416,47.1989874558246,3.0041,57.6666243197969,42.6922611690252
2031,11,0,0,6.75,0.681129100594298,54.73,0.69,0,1,1,0.6,0.0649539049412907,6.39205605867087,0.907973971328631,47.1830150024113,3.0041,57.5520989373521,42.80678655147
2031,12,0,0,3.83,0.391419959832174,67.75,0.5,0,1,1,0.6,0.0534083918122231,6.35463634245834,0.90385957427044,47.1733996145457,3.0041,57.4894039230867,42.8694815657354
2032,1,0,0,2.88,0.316019638505979,54.82,0.57,0,1,1,0.6,0.0456022959214749,6.32458477717014,0.900405860307247,47.1654477346265,3.0041,57.4401406680254,42.9187448207967
2032,2,0,0,3.05,0.32882340460535,46.74,0.83,0,1,1,0.6,0.0386886533558083,6.29346651087729,0.896717941726106,47.157019549663,3.0041,57.3899926556223,42.9688928331999
2032,3,1.12,0,6,0.598546118474744,48.39,1.73,0,1,1,0.6,0.689665708509475,6.69623184927852,0.889857073836585,47.1413366207595,3.0041,58.4211912523841,43.057694236438
2032,4,0,0,9.8,1.0706987845671,36.47,3.03,0,1,1,0.6,0.403774925448431,6.58954614484215,0.904139474734523,47.143920746244,3.0041,58.0454812912692,43.4334041975529
2032,5,0,0,13.16,1.5859418570357,62.3,3.82,0,1,1,0.6,0.182707530242803,6.43463647753795,0.905392245549055,47.124803092868,3.0041,57.6516393461978,43.8272461426243
2032,6,0,0,16.29,2.12768013300982,86.5,4.44,0,1,1,0.6,0.0630574750240069,6.23251626431938,0.890073217699472,47.0787268188589,3.0041,57.2684737759017,44.2104117129203
2032,7,0,2.784,18.28,2.49446869823901,96.59,4.65,0,1,1,0.6,1.38227630322184,7.36778297123763,0.863726534048442,47.0687540448635,3.0041,59.6866398533714,44.5762456354507
2032,8,0,0,17.18,2.28994534587584,106.22,3.49,0,1,1,0.6,0.439885401291536,7.11900282355733,0.930661732242534,47.1134666846015,3.0041,58.6071166416929,45.6557688471292
2032,9,0,0,14.43,1.79968491624477,45.91,2.34,0,1,1,0.6,0.178872235576164,6.9293941767687,0.933143985691397,47.0946624404592,3.0041,58.1401728384955,46.1227126503266
2032,10,2.3,0,11.08,1.25746604930028,58.98,1.25,0,1,1,0.6,1.4527637112993,7.74253989666521,0.924771405978078,47.0701771874462,3.0041,60.1943522013888,46.3685332874333
2032,11,0,0,6.75,0.681129100594298,54.73,0.69,0,1,1,0.6,1.03345049618446,7.66383759096913,0.956703342340361,47.0997416995991,3.0041,59.7578331290931,46.8050523597291
2032,12,0,0,3.83,0.391419959832174,67.75,0.5,0,1,1,0.6,0.849755362185609,7.61897274230061,0.969139465972934,47.1103219172277,3.0041,59.5522894876868,47.0105960011353
2033,1,0,0,2.88,0.316019638505979,54.82,0.57,0,1,1,0.6,0.725556306272823,7.58294203268086,0.976735963665955,47.1161569805386,3.0041,59.4054912831582,47.1573942056639
2033,2,0,0,3.05,0.32882340460535,46.74,0.83,0,1,1,0.6,0.615556648109264,7.54563238821091,0.98271781259095,47.1200635289566,3.0041,59.2680703778677,47.2948151109544
2033,3,0,0,6,0.598546118474744,48.39,1.73,0,1,1,0.6,0.456347197613464,7.47818946433775,0.989622373188249,47.1225366571488,3.0041,59.0507956922883,47.5120897965338
2033,4,0,0,9.8,1.0706987845671,36.47,3.03,0,1,1,0.6,0.26717517403208,7.35904545486062,0.992737630631119,47.1160974529994,3.0041,58.7391557125232,47.8237297762989
2033,5,0,0,13.16,1.5859418570357,62.3,3.82,0,1,1,0.6,0.120896353668764,7.18604609222906,0.984494526952705,47.0911798665042,3.0041,58.3867168393547,48.1761686494674
2033,6,0,0,16.29,2.12768013300982,56.5,4.44,0,1,1,0.6,0.0417247104803547,6.96032313593931,0.962707780156052,47.0438788504021,3.0041,58.0127344769778,48.5501510118443
2033,7,0,0,18.28,2.49446869823901,66.59,4.65,0,1,1,0.6,0.0119874369631482,6.70470065283099,0.932258935551134,46.9802351264256,3.0041,57.6332821517708,48.9296033370513
2033,8,2.08,0,17.18,2.28994534587584,76.22,3.49,0,1,1,0.6,1.23135577700691,7.33076912201708,0.903476151314429,46.918641161207,3.0041,59.3883422115455,49.2545432772767
2033,9,0,0,14.43,1.79968491624477,45.91,2.34,0,1,0,1,0.274824762932412,7.00825202498989,0.961763976206435,46.9464984297682,3.0041,58.195439193897,50.4474462949252
2033,10,0,0,11.08,1.25746604930028,58.98,1.25,0,1,1,0.6,0.146554979420482,6.87730131809411,0.956730608512365,46.9274849545658,3.0041,57.9121718605928,50.7307136282294
2033,11,0,0,6.75,0.681129100594298,54.73,0.69,0,1,1,0.6,0.104254611415743,6.80739409411793,0.951234528137912,46.9140432683179,3.0041,57.7810265019895,50.8618589868326
2033,12,0,0,3.83,0.391419959832174,67.75,0.5,0,1,1,0.6,0.085723424015166,6.76754294875709,0.947505483620838,46.9056372642218,3.0041,57.7105091206149,50.9323763682073
2034,1,0,0,2.88,0.316019638505979,54.82,0.57,0,1,1,0.6,0.073194208188965,6.73553871628726,0.944270416309933,46.898558212206,3.0041,57.6556615529922,50.98722393583
2034,2,0,0,3.05,0.32882340460535,46.74,0.83,0,1,1,0.6,0.0620974293301358,6.70239847154647,0.940737337623066,46.8909552815473,3.0041,57.600288520047,51.0425969687751
2034,3,0,0,6,0.598546118474744,48.39,1.73,0,1,1,0.6,0.0460363606515341,6.64249237930292,0.934007957289558,46.876596582042,3.0041,57.503233279286,51.1396522095361
2034,4,0,0,9.8,1.0706987845671,36.47,3.03,0,1,1,0.6,0.0269526639655086,6.53666286284502,0.921362413355516,46.8496522598833,3.0041,57.3387302000494,51.3041552887727
2034,5,0,0,13.16,1.5859418570357,62.3,3.82,0,1,1,0.6,0.0121960388231963,6.38299639673254,0.90199170970248,46.807821693977,3.0041,57.1091058392353,51.5337796495869
2034,6,0,0,16.29,2.12768013300982,56.5,4.44,0,1,1,0.6,0.00420919385459108,6.18249826491351,0.876018434463601,46.7496413042976,3.0041,56.8164671975293,51.8264182912928
2034,7,2.24,0,18.28,2.49446869823901,66.59,4.65,0,1,1,0.6,1.32317650720971,6.87347470291608,0.846425304703869,46.6796935893043,3.0041,58.726870104134,52.1560153846881
2034,8,0,0,17.18,2.28994534587584,76.22,3.49,0,1,1,0.6,0.421077918717719,6.64138534057414,0.908983120938071,46.7186792280561,3.0041,57.6942256082861,53.1886598805361
2034,9,0,0,14.43,1.79968491624477,45.91,2.34,0,1,1,0.6,0.171224479038527,6.46449763334343,0.910252193337389,46.6976932796694,3.0041,57.2477675853887,53.6351179034334
2034,10,0,0,11.08,1.25746604930028,58.98,1.25,0,1,1,0.6,0.0913083658620146,6.34370709501891,0.901505566306944,46.6721754782537,3.0041,57.0127965054416,53.8700889833805
2034,11,0,0,6.75,0.681129100594298,54.73,0.69,0,1,1,0.6,0.0649539049412907,6.27922381411859,0.895066346961124,46.6563595359013,3.0041,56.8997036019223,53.9831818868998
2034,12,0,0,3.83,0.391419959832174,67.75,0.5,0,1,1,0.6,0.0534083918122231,6.24246462881068,0.891019203578503,46.6468347379764,3.0041,56.8378269621778,54.0450585266443
2035,1,0,0,2.88,0.316019638505979,54.82,0.57,0,1,1,0.6,0.0456022959214749,6.21294353220621,0.887619578305206,46.638956352852,3.0041,56.7892217592849,54.0936637295372
2035,2,0,0,3.05,0.32882340460535,46.74,0.83,0,1,1,0.6,0.0386886533558083,6.18237456394832,0.88398764155674,46.6306049845151,3.0041,56.739755843376,54.1431296454461
2035,3,1.12,0,6,0.598546118474744,48.39,1.73,0,1,1,0.6,0.689665708509475,6.58613284307793,0.877227347257183,46.6150628260166,3.0041,57.7721887248612,54.2306967639609
2035,4,0,0,9.8,1.0706987845671,36.47,3.03,0,1,1,0.6,0.403774925448431,6.48120125801775,0.891685518467912,46.6179017613431,3.0041,57.3986634632772,54.6042220255449
2035,5,0,0,13.16,1.5859418570357,62.3,3.82,0,1,1,0.6,0.182707530242803,6.32883860533385,0.893190539952585,46.5991683340031,3.0041,57.0080050095324,54.9948804792897
2035,6,0,0,16.29,2.12768013300982,86.5,4.44,0,1,1,0.6,0.0630574750240069,6.13004163944442,0.878196713628855,46.5536197882421,3.0041,56.6290156163394,55.3738698724827
2035,7,0,2.784,18.28,2.49446869823901,96.59,4.65,0,1,1,0.6,1.38227630322184,7.26907179492024,0.852215613630771,46.5442827063381,3.0041,59.051946418111,55.7349390707111
2035,8,0,0,17.18,2.28994534587584,106.22,3.49,0,1,1,0.6,0.439885401291536,7.02362472329793,0.919476686486733,46.5895940208504,3.0041,57.9766808319266,56.8102046568955
2035,9,0,0,14.43,1.79968491624477,45.91,2.34,0,1,1,0.6,0.178872235576164,6.83655639191185,0.92221045936956,46.5712698993066,3.0041,57.5130089861642,57.2738765026579
2035,10,2.3,0,11.08,1.25746604930028,58.98,1.25,0,1,1,0.6,1.4527637112993,7.65143680592471,0.914011881922493,46.5471249374737,3.0041,59.5694373366202,57.5174481522019
2035,11,0,0,6.75,0.681129100594298,54.73,0.69,0,1,1,0.6,1.03345049618446,7.57366055594071,0.946037946723203,46.5768753554012,3.0041,59.1341243542495,57.9527611345726
2035,12,0,0,3.83,0.391419959832174,67.75,0.5,0,1,1,0.6,0.849755362185609,7.52932361238264,0.958528074307572,46.5875629069755,3.0041,58.9292699558513,58.1576155329708
2036,1,0,0,2.88,0.316019638505979,54.82,0.57,0,1,1,0.6,0.725556306272823,7.49371686041138,0.96616800803062,46.5934849033396,3.0041,58.7830260780544,58.3038594107677
2036,2,0,0,3.05,0.32882340460535,46.74,0.83,0,1,1,0.6,0.615556648109264,7.45684622225861,0.972194812580529,46.5974821739223,3.0041,58.6461798568707,58.4407056319514
2036,3,0,0,6,0.598546118474744,48.39,1.73,0,1,1,0.6,0.456347197613464,7.3901968698614,0.979180114023541,46.6001211757967,3.0041,58.4299453572951,58.656940131527
2036,4,0,0,9.8,1.0706987845671,36.47,3.03,0,1,1,0.6,0.26717517403208,7.27245477598967,0.982436406657335,46.5939810240376,3.0041,58.1201473807167,58.9667381081054
2036,5,0,0,13.16,1.5859418570357,62.3,3.82,0,1,1,0.6,0.120896353668764,7.10149102141984,0.974395586889657,46.5695116808331,3.0041,57.7703946428113,59.3164908460107
2036,6,0,0,16.29,2.12768013300982,56.5,4.44,0,1,1,0.6,0.0417247104803547,6.87842404872765,0.952869462931666,46.5228215272101,3.0041,57.3999397493497,59.6869457394723
2036,7,0,0,18.28,2.49446869823901,66.59,4.65,0,1,1,0.6,0.0119874369631482,6.62580936391095,0.922713488081228,46.4599071149011,3.0041,57.0245174038564,60.0623680849657
2036,8,2.08,0,17.18,2.28994534587584,76.22,3.49,0,1,1,0.6,1.23135577700691,7.25454167194582,0.894191857401479,46.3989943033376,3.0041,58.7831836096918,60.3837018791303
2036,9,0,0,14.43,1.79968491624477,45.91,2.34,0,1,0,1,0.274824762932412,6.93537820064351,0.95280321624343,46.4277605702621,3.0041,57.5948667500815,61.5720187387406
2036,10,0,0,11.08,1.25746604930028,58.98,1.25,0,1,1,0.6,0.146554979420482,6.80578915693826,0.947907422829209,46.4091329065745,3.0041,57.3134844657624,61.8534010230597
2036,11,0,0,6.75,0.681129100594298,54.73,0.69,0,1,1,0.6,0.104254611415743,6.73660884842437,0.942485822889428,46.3959013836632,3.0041,57.1833506663927,61.9835348224293
2036,12,0,0,3.83,0.391419959832174,67.75,0.5,0,1,1,0.6,0.085723424015166,6.69717208675816,0.938799526063389,46.3876165271493,3.0041,57.1134115639861,62.053473924836
2037,1,0,0,2.88,0.316019638505979,54.82,0.57,0,1,1,0.6,0.073194208188965,6.66550064352123,0.935598844354866,46.3806354923539,3.0041,57.059029188419,62.1078563004031
2037,2,0,0,3.05,0.32882340460535,46.74,0.83,0,1,1,0.6,0.0620974293301358,6.63270500059633,0.932101353190752,46.373134751254,3.0041,57.0041385343712,62.1627469544508
2037,3,0,0,6,0.598546118474744,48.39,1.73,0,1,1,0.6,0.0460363606515341,6.57342182916497,0.925435863424757,46.3589626211847,3.0041,56.9079566744259,62.2589288143961
2037,4,0,0,9.8,1.0706987845671,36.47,3.03,0,1,1,0.6,0.0269526639655086,6.46869275851945,0.91290184312961,46.3323538067912,3.0041,56.7450010724058,62.4218844164163
2037,5,0,0,13.16,1.5859418570357,62.3,3.82,0,1,1,0.6,0.0121960388231963,6.31662416060855,0.893690968891687,46.2910241891312,3.0041,56.5176353574547,62.6492501313674
2037,6,0,0,16.29,2.12768013300982,56.5,4.44,0,1,1,0.6,0.00420919385459108,6.11821086614809,0.867923441480641,46.2335230231501,3.0041,56.2279665246334,62.9389189641887
2037,7,2.24,0,18.28,2.49446869823901,66.59,4.65,0,1,1,0.6,1.32317650720971,6.81154830150438,0.838561382155411,46.1643814841273,3.0041,58.1417676749968,63.2651178138253
2037,8,0,0,17.18,2.28994534587584,76.22,3.49,0,1,1,0.6,0.421077918717719,6.58154994256858,0.901325328579087,46.2041158828956,3.0041,57.1121690727609,64.2947164160611
2037,9,0,0,14.43,1.79968491624477,45.91,2.34,0,1,1,0.6,0.171224479038527,6.40625590078892,0.902753756869671,46.1837238802852,3.0041,56.6680580169823,64.7388274718398
2037,10,0,0,11.08,1.25746604930028,58.98,1.25,0,1,1,0.6,0.0913083658620146,6.28655362185086,0.894117563382914,46.1586238137319,3.0041,56.4347033648277,64.9721821239944
2037,11,0,0,6.75,0.681129100594298,54.73,0.69,0,1,1,0.6,0.0649539049412907,6.22265130148506,0.887738190378152,46.143035033801,3.0041,56.3224784306055,65.0844070582166
2037,12,0,0,3.83,0.391419959832174,67.75,0.5,0,1,1,0.6,0.0534083918122231,6.18622329715378,0.883725412268851,46.1336410596211,3.0041,56.2610981608559,65.1457873279662
2038,1,0,0,2.88,0.316019638505979,54.82,0.57,0,1,1,0.6,0.0456022959214749,6.15696817014365,0.880353433446782,46.1258684537011,3.0041,56.212892353213,65.1939931356091
2038,2,0,0,3.05,0.32882340460535,46.74,0.83,0,1,1,0.6,0.0386886533558083,6.126674612254,0.876750109003272,46.1176273030982,3.0041,56.1638406777113,65.2430448111108
2038,3,1.12,0,6,0.598546118474744,48.39,1.73,0,1,1,0.6,0.689665708509475,6.53093073800648,0.870041159807497,46.1022861969305,3.0041,57.197023803254,65.3298616855681
2038,4,0,0,9.8,1.0706987845671,36.47,3.03,0,1,1,0.6,0.403774925448431,6.4268786439195,0.884588885037913,46.1054861324901,3.0041,56.824828586896,65.7020569019261
2038,5,0,0,13.16,1.5859418570357,62.3,3.82,0,1,1,0.6,0.182707530242803,6.27579302881787,0.886222137949543,46.0872904648698,3.0041,56.43611316188,66.0907723269421
2038,6,0,0,16.29,2.12768013300982,86.5,4.44,0,1,1,0.6,0.0630574750240069,6.07866229275715,0.871393230739553,46.0424688078381,3.0041,56.0596818063588,66.4672036824633
2038,7,0,2.784,18.28,2.49446869823901,96.59,4.65,0,1,1,0.6,1.38227630322184,7.21957938881376,0.845597241496913,46.0339913784586,3.0041,58.4855443119911,66.825341176831
2038,8,0,0,17.18,2.28994534587584,106.22,3.49,0,1,1,0.6,0.439885401291536,6.97580347500762,0.91302354588886,46.0800983790753,3.0041,57.4129108012633,67.8979746875588
2038,9,0,0,14.43,1.79968491624477,45.91,2.34,0,1,1,0.6,0.178872235576164,6.79000882230953,0.915885205554757,46.0624036901249,3.0041,56.9512699535653,68.3596155352568
2038,10,2.3,0,11.08,1.25746604930028,58.98,1.25,0,1,1,0.6,1.4527637112993,7.60575898774142,0.907775360673235,46.0387005549358,3.0041,59.0090986146497,68.6017868741724
2038,11,0,0,6.75,0.681129100594298,54.73,0.69,0,1,1,0.6,1.03345049618446,7.52844704916662,0.939849570057214,46.0686909517605,3.0041,58.5745380671688,69.0363474216532
2038,12,0,0,3.83,0.391419959832174,67.75,0.5,0,1,1,0.6,0.849755362185609,7.48437478986303,0.952367359931179,46.0795166184651,3.0041,58.3701141304449,69.2407713583772
2039,1,0,0,2.88,0.316019638505979,54.82,0.57,0,1,1,0.6,0.725556306272823,7.44898060433959,0.960029551114601,46.0855502408251,3.0041,58.2242167025522,69.3866687862699
2039,2,0,0,3.05,0.32882340460535,46.74,0.83,0,1,1,0.6,0.615556648109264,7.4123300778271,0.966079390217364,46.0896637743273,3.0041,58.087729890481,69.5231555983411
2039,3,0,0,6,0.598546118474744,48.39,1.73,0,1,1,0.6,0.456347197613464,7.34607861109217,0.973106005056689,46.0925147283044,3.0041,57.8721465420667,69.7387389467553
2039,4,0,0,9.8,1.0706987845671,36.47,3.03,0,1,1,0.6,0.26717517403208,7.22903941813863,0.976434285136976,46.0867547437431,3.0041,57.5635036210508,70.0473818677713
2039,5,0,0,13.16,1.5859418570357,62.3,3.82,0,1,1,0.6,0.120896353668764,7.05909628904023,0.968496433056403,46.0628507946142,3.0041,57.2154398703796,70.3954456184425
2039,6,0,0,16.29,2.12768013300982,56.5,4.44,0,1,1,0.6,0.0417247104803547,6.83736098945465,0.947102586278181,46.0169232320076,3.0041,56.8472115182208,70.7636739706012
2039,7,0,0,18.28,2.49446869823901,66.59,4.65,0,1,1,0.6,0.0119874369631482,6.58625437272191,0.917094979667294,45.9549084122427,3.0041,56.4743452015951,71.136540287227
2039,8,2.08,0,17.18,2.28994534587584,76.22,3.49,0,1,1,0.6,1.23135577700691,7.21632229237671,0.888705882914184,45.8948262265386,3.0041,58.2353101788364,71.4555753099857
2039,9,0,0,14.43,1.79968491624477,45.91,2.34,0,1,0,1,0.274824762932412,6.89884028220674,0.947480751288905,45.9246874919633,3.0041,57.0499332883914,72.6409522004307
2039,10,0,0,11.08,1.25746604930028,58.98,1.25,0,1,1,0.6,0.146554979420482,6.76993395742066,0.942655337617183,45.9065206795561,3.0041,56.7697649540144,72.9211205348076
2039,11,0,0,6.75,0.681129100594298,54.73,0.69,0,1,1,0.6,0.104254611415743,6.7011181141741,0.937271982181808,45.8935392421471,3.0041,56.6402839499187,73.0506015389033
2039,12,0,0,3.83,0.391419959832174,67.75,0.5,0,1,1,0.6,0.085723424015166,6.66188911870888,0.933607675603692,45.8853982458993,3.0041,56.570718464227,73.120167024595
2040,1,0,0,2.88,0.316019638505979,54.82,0.57,0,1,1,0.6,0.073194208188965,6.63038453134863,0.930424690817601,45.8785334414655,3.0041,56.5166368718207,73.1742486170013
2040,2,0,0,3.05,0.32882340460535,46.74,0.83,0,1,1,0.6,0.0620974293301358,6.59776166696466,0.926945513687559,45.8711537214345,3.0041,56.4620583314168,73.2288271574052
2040,3,0,0,6,0.598546118474744,48.39,1.73,0,1,1,0.6,0.0460363606515341,6.5387908193345,0.920312847471837,45.8572021159333,3.0041,56.3664421433912,73.3244433454308
2040,4,0,0,9.8,1.0706987845671,36.47,3.03,0,1,1,0.6,0.0269526639655086,6.43461349686053,0.907835948294044,45.8309885216478,3.0041,56.2044906307679,73.4863948580541
2040,5,0,0,13.16,1.5859418570357,62.3,3.82,0,1,1,0.6,0.0121960388231963,6.28334604776466,0.888706660323707,45.7902459509439,3.0041,55.9785946978555,73.7122907909665
2040,6,0,0,16.29,2.12768013300982,56.5,4.44,0,1,1,0.6,0.00420919385459108,6.08597806165799,0.863043780605316,45.7335352575601,3.0041,55.690866293678,74.000019195144
2040,7,2.24,0,18.28,2.49446869823901,66.59,4.65,0,1,1,0.6,1.32317650720971,6.7804992681353,0.8337989805937,45.6653243675877,3.0041,57.6068991235264,74.3239863652956
2040,8,0,0,17.18,2.28994534587584,76.22,3.49,0,1,1,0.6,0.421077918717719,6.55154930912347,0.896667763229244,45.7059164342238,3.0041,56.5793114252943,75.3515740635277
2040,9,0,0,14.43,1.79968491624477,45.91,2.34,0,1,1,0.6,0.171224479038527,6.37705430895839,0.898177593368123,45.6862005231422,3.0041,56.1367569045073,75.7941285843148
2040,10,0,0,11.08,1.25746604930028,58.98,1.25,0,1,1,0.6,0.0913083658620146,6.257897668088,0.889598067843729,45.6615738479521,3.0041,55.9044779497458,76.0264075390762
2040,11,0,0,6.75,0.681129100594298,54.73,0.69,0,1,1,0.6,0.0649539049412907,6.19428663322581,0.883249545230201,45.6462418008881,3.0041,55.7928318842854,76.1380536045367
2040,12,0,0,3.83,0.391419959832174,67.75,0.5,0,1,1,0.6,0.0534083918122231,6.15802467841396,0.879254521798717,45.6369954610487,3.0041,55.7317830530736,76.1991024357484
2041,1,0,0,2.88,0.316019638505979,54.82,0.57,0,1,1,0.6,0.0456022959214749,6.12890290484633,0.875896834674829,45.6293421076183,3.0041,55.683844143061,76.2470413457611
2041,2,0,0,3.05,0.32882340460535,46.74,0.83,0,1,1,0.6,0.0386886533558083,6.09874743387146,0.872308299870315,45.6212250986681,3.0041,55.6350694857657,76.2958160030563
2041,3,1.12,0,6,0.598546118474744,48.39,1.73,0,1,1,0.6,0.689665708509475,6.50325317297226,0.865625836160942,45.6061101324421,3.0041,56.6687548500847,76.3821306387373
2041,4,0,0,9.8,1.0706987845671,36.47,3.03,0,1,1,0.6,0.403774925448431,6.39964204338431,0.880219585893189,45.6097151266903,3.0041,56.2974516814162,76.7534338074058
2041,5,0,0,13.16,1.5859418570357,62.3,3.82,0,1,1,0.6,0.182707530242803,6.24919671710298,0.881918469974377,45.5921206077692,3.0041,55.9100433250893,77.1408421637327
2041,6,0,0,16.29,2.12768013300982,86.5,4.44,0,1,1,0.6,0.0630574750240069,6.05290140542301,0.867173601616266,45.5481074873984,3.0041,55.5353399694617,77.5155455193603
2041,7,0,2.784,18.28,2.49446869823901,96.59,4.65,0,1,1,0.6,1.38227630322184,7.19476458715105,0.841471680224961,45.5405806914383,3.0041,57.9631932620361,77.8716922267859
2041,8,0,0,17.18,2.28994534587584,106.22,3.49,0,1,1,0.6,0.439885401291536,6.95182656854981,0.908982184609749,45.5875626321674,3.0041,56.8923567866185,78.9425287022035
2041,9,0,0,14.43,1.79968491624477,45.91,2.34,0,1,1,0.6,0.178872235576164,6.76667052056931,0.911909366346964,45.5705569193885,3.0041,56.4321090418809,79.4027764469411
2041,10,2.3,0,11.08,1.25746604930028,58.98,1.25,0,1,1,0.6,1.4527637112993,7.5828567672237,0.903845237151769,45.5473358301492,3.0041,58.490901545824,79.643983942998
2041,11,0,0,6.75,0.681129100594298,54.73,0.69,0,1,1,0.6,1.03345049618446,7.50577762790913,0.935944389972845,45.5775875324276,3.0041,58.056860046494,80.078025442328
2041,12,0,0,3.83,0.391419959832174,67.75,0.5,0,1,1,0.6,0.849755362185609,7.46183807759657,0.948476550584329,45.5885634246939,3.0041,57.8527334150604,80.2821520737616
2042,1,0,0,2.88,0.316019638505979,54.82,0.57,0,1,1,0.6,0.725556306272823,7.42655046992332,0.956150312853391,45.5947183717944,3.0041,57.7070754608439,80.4278100279781
2042,2,0,0,3.05,0.32882340460535,46.74,0.83,0,1,1,0.6,0.615556648109264,7.39001030431519,0.962212125763998,45.5989581840899,3.0041,57.5708372622783,80.5640482265437
2042,3,0,0,6,0.598546118474744,48.39,1.73,0,1,1,0.6,0.456347197613464,7.32395833189808,0.969260162544849,45.6020391165316,3.0041,57.355704808588,80.779180680234
2042,4,0,0,9.8,1.0706987845671,36.47,3.03,0,1,1,0.6,0.26717517403208,7.20727156365463,0.972625602791749,45.5966908929752,3.0041,57.0478632334537,81.0870222553683
2042,5,0,0,13.16,1.5859418570357,62.3,3.82,0,1,1,0.6,0.120896353668764,7.03784016192287,0.964740637716004,45.5733976453511,3.0041,56.7009747986588,81.4339106901632
2042,6,0,0,16.29,2.12768013300982,56.5,4.44,0,1,1,0.6,0.0417247104803547,6.81677254464695,0.943414370058716,45.5282907559424,3.0041,56.3343023811284,81.8005831076936
2042,7,0,0,18.28,2.49446869823901,66.59,4.65,0,1,1,0.6,0.0119874369631482,6.5664220522036,0.91348230969454,45.4672398497688,3.0041,55.96323164863,82.171653840192
2042,8,2.08,0,17.18,2.28994534587584,76.22,3.49,0,1,1,0.6,1.23135577700691,7.19715962888368,0.885160930130109,45.4080439428954,3.0041,57.7258202789161,82.4890652099059
2042,9,0,0,14.43,1.79968491624477,45.91,2.34,0,1,0,1,0.274824762932412,6.88052067985752,0.944018701614945,45.4390682497934,3.0041,56.5425323941983,83.6723530946237
2042,10,0,0,11.08,1.25746604930028,58.98,1.25,0,1,1,0.6,0.146554979420482,6.7519566608089,0.939229795142449,45.4213893635079,3.0041,56.2632307988797,83.9516546899423
2042,11,0,0,6.75,0.681129100594298,54.73,0.69,0,1,1,0.6,0.104254611415743,6.68332355536057,0.933866413662188,45.408672319037,3.0041,56.1342168994755,84.0806685893464
2042,12,0,0,3.83,0.391419959832174,67.75,0.5,0,1,1,0.6,0.085723424015166,6.64419873096877,0.930213630054958,45.4006832917362,3.0041,56.0649190767751,84.1499664120469
2043,1,0,0,2.88,0.316019638505979,54.82,0.57,0,1,1,0.6,0.073194208188965,6.6127778028163,0.927039926506476,45.3939412028088,3.0041,56.0110531403206,84.2038323485014
2043,2,0,0,3.05,0.32882340460535,46.74,0.83,0,1,1,0.6,0.0620974293301358,6.5802415671813,0.923570353017097,45.3866891925242,3.0041,55.9566985420527,84.2581869467692
2043,3,0,0,6,0.598546118474744,48.39,1.73,0,1,1,0.6,0.0460363606515341,6.52142731434601,0.916954846771861,45.3729701263945,3.0041,55.8614886481639,84.3533968406581
2043,4,0,0,9.8,1.0706987845671,36.47,3.03,0,1,1,0.6,0.0269526639655086,6.41752663070457,0.904507647138411,45.3471727349011,3.0041,55.7002596767096,84.5146258121123
2043,5,0,0,13.16,1.5859418570357,62.3,3.82,0,1,1,0.6,0.0121960388231963,6.26666086644303,0.885420519687367,45.3070471271756,3.0041,55.4754245521292,84.7394609366927
2043,6,0,0,16.29,2.12768013300982,56.5,4.44,0,1,1,0.6,0.00420919385459108,6.06981698335571,0.859811363057311,45.2511649314374,3.0041,55.189102471705,85.0257830171169
2043,7,2.24,0,18.28,2.49446869823901,66.59,4.65,0,1,1,0.6,1.32317650720971,6.76493171615136,0.830626511507403,45.1839263246669,3.0041,57.1067610595354,85.3481244292865
2043,8,0,0,17.18,2.28994534587584,76.22,3.49,0,1,1,0.6,0.421077918717719,6.53650741022903,0.893549120014153,45.2254116316426,3.0041,56.0806460806035,86.3742394082184
2043,9,0,0,14.43,1.79968491624477,45.91,2.34,0,1,1,0.6,0.171224479038527,6.36241303837738,0.895101085986473,45.2063980681419,3.0041,55.6392366715442,86.8156488172777
2043,10,0,0,11.08,1.25746604930028,58.98,1.25,0,1,1,0.6,0.0913083658620146,6.24352997281873,0.886551138602609,45.1822622717849,3.0041,55.4077517490683,87.0471337397536
2043,11,0,0,6.75,0.681129100594298,54.73,0.69,0,1,1,0.6,0.0649539049412907,6.18006498444262,0.880218852079899,45.167196145868,3.0041,55.2965338873318,87.1583516014901
2043,12,0,0,3.83,0.391419959832174,67.75,0.5,0,1,1,0.6,0.0534083918122231,6.14388628454228,0.876233210082217,45.1581026306644,3.0041,55.2357305171012,87.2191549717208
2044,1,0,0,2.88,0.316019638505979,54.82,0.57,0,1,1,0.6,0.0456022959214749,6.11483137252952,0.87288308243597,45.1505726713471,3.0041,55.1879894222341,87.2668960665879
2044,2,0,0,3.05,0.32882340460535,46.74,0.83,0,1,1,0.6,0.0386886533558083,6.08474513640646,0.869302369314224,45.1425840664467,3.0041,55.1394202255232,87.3154652632987
2044,3,1.12,0,6,0.598546118474744,48.39,1.73,0,1,1,0.6,0.689665708509475,6.48937602815629,0.862633861756479,45.1277028713968,3.0041,56.173478469819,87.4014070190029
2044,4,0,0,9.8,1.0706987845671,36.47,3.03,0,1,1,0.6,0.403774925448431,6.38598599201366,0.877251704158328,45.1317261701959,3.0041,55.8028387918163,87.7720466970056
2044,5,0,0,13.16,1.5859418570357,62.3,3.82,0,1,1,0.6,0.182707530242803,6.2358616976104,0.878984690951651,45.1147514953768,3.0041,55.4164054141816,88.1584800746403
2044,6,0,0,16.29,2.12768013300982,86.5,4.44,0,1,1,0.6,0.0630574750240069,6.03998525605504,0.864283143325393,45.0715703176751,3.0041,55.0429961920795,88.5318892967424
2044,7,0,2.784,18.28,2.49446869823901,96.59,4.65,0,1,1,0.6,1.38227630322184,7.18232279193434,0.838629469439794,45.0650192577397,3.0041,57.4723478223357,88.8865376664862
2044,8,0,0,17.18,2.28994534587584,106.22,3.49,0,1,1,0.6,0.439885401291536,6.93980488229443,0.906183386928,45.1128970826662,3.0041,56.4028707531801,89.9560147356418
2044,9,0,0,14.43,1.79968491624477,45.91,2.34,0,1,1,0.6,0.178872235576164,6.7549690218064,0.909144688674666,45.0965954580368,3.0041,55.943681404094,90.4152040847279
2044,10,2.3,0,11.08,1.25746604930028,58.98,1.25,0,1,1,0.6,1.4527637112993,7.57137391349943,0.901104606601477,45.0738662938108,3.0041,58.003208525211,90.6556769636109
2044,11,0,0,6.75,0.681129100594298,54.73,0.69,0,1,1,0.6,1.03345049618446,7.49441149648479,0.93321701093407,45.1043844277204,3.0041,57.5695634313237,91.0893220574982
2044,12,0,0,3.83,0.391419959832174,67.75,0.5,0,1,1,0.6,0.849755362185609,7.45053848460813,0.9457568427703,45.1155134201994,3.0041,57.3656641097635,91.2932213790584
2045,1,0,0,2.88,0.316019638505979,54.82,0.57,0,1,1,0.6,0.725556306272823,7.41530431358147,0.953436789475389,45.1217919742248,3.0041,57.2201893835544,91.4386961052675
2045,2,0,0,3.05,0.32882340460535,46.74,0.83,0,1,1,0.6,0.615556648109264,7.3788194813905,0.959505000944353,45.1261604026741,3.0041,57.0841415331182,91.5747439557037
2045,3,0,0,6,0.598546118474744,48.39,1.73,0,1,1,0.6,0.456347197613464,7.31286753264003,0.966564435480373,45.1294754670264,3.0041,56.8693546327603,91.7895308560617
2045,4,0,0,9.8,1.0706987845671,36.47,3.03,0,1,1,0.6,0.26717517403208,7.19635746522747,0.969949491881057,45.1245461127633,3.0041,56.5621282439039,92.096757244918
2045,5,0,0,13.16,1.5859418570357,62.3,3.82,0,1,1,0.6,0.120896353668764,7.02718263645522,0.96209219741096,45.1018733621417,3.0041,56.2161445496766,92.4427409391452
2045,6,0,0,16.29,2.12768013300982,56.5,4.44,0,1,1,0.6,0.0417247104803547,6.80644978577061,0.940800948397834,45.05759895898,3.0041,55.8506744036288,92.8082110851931
2045,7,0,0,18.28,2.49446869823901,66.59,4.65,0,1,1,0.6,0.0119874369631482,6.55647840349284,0.910907797785699,44.9975239629847,3.0041,55.4809976012264,93.1778878875955
2045,8,2.08,0,17.18,2.28994534587584,76.22,3.49,0,1,1,0.6,1.23135577700691,7.18755173685908,0.882621519711441,44.9392236851244,3.0041,57.2448527187018,93.4940327701201
2045,9,0,0,14.43,1.79968491624477,45.91,2.34,0,1,0,1,0.274824762932412,6.87133548692394,0.941521661370581,44.9714209000269,3.0041,56.0632028112539,94.675682677568
2045,10,0,0,11.08,1.25746604930028,58.98,1.25,0,1,1,0.6,0.146554979420482,6.74294309519455,0.936752198498,44.9542333704883,3.0041,55.7845836436014,94.9543018452205
2045,11,0,0,6.75,0.681129100594298,54.73,0.69,0,1,1,0.6,0.104254611415743,6.67440161192782,0.931399581866151,44.9417824027324,3.0041,55.6559382079421,95.0829472808798
2045,12,0,0,3.83,0.391419959832174,67.75,0.5,0,1,1,0.6,0.085723424015166,6.63532901745832,0.927753043840989,44.9339462567813,3.0041,55.5868517420957,95.1520337467262
2046,1,0,0,2.88,0.316019638505979,54.82,0.57,0,1,1,0.6,0.073194208188965,6.60395003486501,0.924584378230152,44.9273275899495,3.0041,55.5331562112336,95.2057292775883
2046,2,0,0,3.05,0.32882340460535,46.74,0.83,0,1,1,0.6,0.0620974293301358,6.57145723367568,0.921120016571448,44.920203995661,3.0041,55.4789786752383,95.2599068135836
2046,3,0,0,6,0.598546118474744,48.39,1.73,0,1,1,0.6,0.0460363606515341,6.51272149528496,0.914513774861226,44.9067186757582,3.0041,55.3840903065559,95.354795182266
2046,4,0,0,9.8,1.0706987845671,36.47,3.03,0,1,1,0.6,0.0269526639655086,6.40895951449315,0.902082459395397,44.8813393958298,3.0041,55.2234340336839,95.5154514551381
2046,5,0,0,13.16,1.5859418570357,62.3,3.82,0,1,1,0.6,0.0121960388231963,6.25829514940128,0.883017640233531,44.8418330083219,3.0041,54.9994418367799,95.739443652042
2046,6,0,0,16.29,2.12768013300982,56.5,4.44,0,1,1,0.6,0.00420919385459108,6.06171404425302,0.857436579664541,44.7867813065815,3.0041,54.7142411243537,96.0246443644682
2046,7,2.24,0,18.28,2.49446869823901,66.59,4.65,0,1,1,0.6,1.32317650720971,6.75712636286092,0.828282847255886,44.720515885401,3.0041,56.6332016027275,96.3456838860944
2046,8,0,0,17.18,2.28994534587584,76.22,3.49,0,1,1,0.6,0.421077918717719,6.52896561206119,0.891233614169556,44.7628939721746,3.0041,55.6082711171231,97.3706143716988
2046,9,0,0,14.43,1.79968491624477,45.91,2.34,0,1,1,0.6,0.171224479038527,6.35507210965438,0.89280794544036,44.7445815683247,3.0041,55.1677861024579,97.811099386364
2046,10,0,0,11.08,1.25746604930028,58.98,1.25,0,1,1,0.6,0.0913083658620146,6.23632621093877,0.884273927060967,44.7209354047301,3.0041,54.9369439085919,98.0419415802301
2046,11,0,0,6.75,0.681129100594298,54.73,0.69,0,1,1,0.6,0.0649539049412907,6.17293444823243,0.877950508011274,44.7061343875894,3.0041,54.8260732487744,98.1528122400475
2046,12,0,0,3.83,0.391419959832174,67.75,0.5,0,1,1,0.6,0.0534083918122231,6.13679749118274,0.873970024129311,44.6971931867017,3.0041,54.765469093826,98.2134163949959
2047,1,0,0,2.88,0.316019638505979,54.82,0.57,0,1,1,0.6,0.0456022959214749,6.10777610262042,0.870624060049025,44.6897861857823,3.0041,54.7178886443732,98.2609968444487
2047,2,0,0,3.05,0.32882340460535,46.74,0.83,0,1,1,0.6,0.0386886533558083,6.07772457988575,0.867047653858237,44.6819255087024,3.0041,54.6694863958022,98.3093990930197
2047,3,1.12,0,6,0.598546118474744,48.39,1.73,0,1,1,0.6,0.689665708509475,6.48241822142706,0.860386784601305,44.6672771557444,3.0041,55.7038478702823,98.3950376185397
2047,4,0,0,9.8,1.0706987845671,36.47,3.03,0,1,1,0.6,0.403774925448431,6.37913903845215,0.875017667357723,44.6717168994586,3.0041,55.3337485307169,98.765136958105
2047,5,0,0,13.16,1.5859418570357,62.3,3.82,0,1,1,0.6,0.182707530242803,6.22917570495196,0.876768879148973,44.6553588640243,3.0041,54.9481109783681,99.1507745104538
2047,6,0,0,16.29,2.12768013300982,86.5,4.44,0,1,1,0.6,0.0630574750240069,6.03350927903095,0.862090161373421,44.6130045152462,3.0041,54.5757614306745,99.5231240581474
2047,7,0,2.784,18.28,2.49446869823901,96.59,4.65,0,1,1,0.6,1.38227630322184,7.17608464946119,0.836461687260218,44.6074220622617,3.0041,57.0063447022049,99.876540786617
2047,8,0,0,17.18,2.28994534587584,106.22,3.49,0,1,1,0.6,0.439885401291536,6.93377737659109,0.904038493876444,44.6561882121595,3.0041,55.9379894839186,100.944896004903
2047,9,0,0,14.43,1.79968491624477,45.91,2.34,0,1,1,0.6,0.178872235576164,6.74910205364298,0.907018101192533,44.6405840853206,3.0041,55.4796764757323,101.40320901309
2047,10,2.3,0,11.08,1.25746604930028,58.98,1.25,0,1,1,0.6,1.4527637112993,7.56561657090677,0.898991144225187,44.6183419144519,3.0041,57.5398133408831,101.643072147939
2047,11,0,0,6.75,0.681129100594298,54.73,0.69,0,1,1,0.6,1.03345049618446,7.48871267682425,0.931110901496855,44.6491237008542,3.0041,57.1064977753598,102.076387713462
2047,12,0,0,3.83,0.391419959832174,67.75,0.5,0,1,1,0.6,0.849755362185609,7.44487302639068,0.943655023168275,44.6604041623559,3.0041,56.9027875741005,102.280097914721
2048,1,0,0,2.88,0.316019638505979,54.82,0.57,0,1,1,0.6,0.725556306272823,7.4096656477528,0.951338435245343,44.6668049877113,3.0041,56.7574653769823,102.42542011184
2048,2,0,0,3.05,0.32882340460535,46.74,0.83,0,1,1,0.6,0.615556648109264,7.37320855896492,0.957410231069071,44.6713006246222,3.0041,56.6215760627655,102.561309426056
2048,3,0,0,6,0.598546118474744,48.39,1.73,0,1,1,0.6,0.456347197613464,7.30730676068488,0.964476005592558,44.6748472094571,3.0041,56.407077173348,102.775808315474
2048,4,0,0,9.8,1.0706987845671,36.47,3.03,0,1,1,0.6,0.26717517403208,7.19088528860274,0.967871832777856,44.6703318972887,3.0041,56.1003641927014,103.082521296121
2048,5,0,0,13.16,1.5859418570357,62.3,3.82,0,1,1,0.6,0.120896353668764,7.02183910193144,0.960029505742243,44.6482721390722,3.0041,55.7551371004146,103.427748388407
2048,6,0,0,16.29,2.12768013300982,56.5,4.44,0,1,1,0.6,0.0417247104803547,6.80127409854342,0.93875688683603,44.6048195134963,3.0041,55.3906752093561,103.792210279466
2048,7,0,0,18.28,2.49446869823901,66.59,4.65,0,1,1,0.6,0.0119874369631482,6.55149279681148,0.908884216150293,44.5457069821901,3.0041,55.022171432115,104.160714056707
2048,8,2.08,0,17.18,2.28994534587584,76.22,3.49,0,1,1,0.6,1.23135577700691,7.18273447389404,0.880616623984516,44.4882891945664,3.0041,56.7870960694519,104.47578941937
2048,9,0,0,14.43,1.79968491624477,45.91,2.34,0,1,0,1,0.274824762932412,6.86673015938358,0.939538760698649,44.5216409654527,3.0041,55.6068346484673,105.656050840355
2048,10,0,0,11.08,1.25746604930028,58.98,1.25,0,1,1,0.6,0.146554979420482,6.73842381919668,0.934780132785419,44.5049367661396,3.0041,55.3287956975421,105.93408979128
2048,11,0,0,6.75,0.681129100594298,54.73,0.69,0,1,1,0.6,0.104254611415743,6.66992827401304,0.92943362974031,44.4927474448335,3.0041,55.2004639600026,106.062421528819
2048,12,0,0,3.83,0.391419959832174,67.75,0.5,0,1,1,0.6,0.085723424015166,6.63088186689762,0.925790670357207,44.4850616081889,3.0041,55.1315575694589,106.131327919363
2049,1,0,0,2.88,0.316019638505979,54.82,0.57,0,1,1,0.6,0.073194208188965,6.59952391522224,0.922624898017098,44.4785642725761,3.0041,55.0780072940044,106.184878194817
2049,2,0,0,3.05,0.32882340460535,46.74,0.83,0,1,1,0.6,0.0620974293301358,6.56705289145776,0.919163528518112,44.4715669048722,3.0041,55.0239807541782,106.238904734644
2049,3,0,0,6,0.598546118474744,48.39,1.73,0,1,1,0.6,0.0460363606515341,6.50835651911373,0.912562562976657,44.458311308074,3.0041,54.929366750816,106.333518738006
2049,4,0,0,9.8,1.0706987845671,36.47,3.03,0,1,1,0.6,0.0269526639655086,6.40466408199486,0.900140159324795,44.4333428229803,3.0041,54.7691997282654,106.493685760556
2049,5,0,0,13.16,1.5859418570357,62.3,3.82,0,1,1,0.6,0.0121960388231963,6.25410069563576,0.881087639684567,44.3944445452936,3.0041,54.5459289194371,106.716956569385
2049,6,0,0,16.29,2.12768013300982,56.5,4.44,0,1,1,0.6,0.00420919385459108,6.0576513436786,0.855521768987309,44.3402079397537,3.0041,54.2616902462742,107.001195242548
2049,7,2.24,0,18.28,2.49446869823901,66.59,4.65,0,1,1,0.6,1.32317650720971,6.75321286765939,0.826384646763593,44.2748969686658,3.0041,56.1817709902985,107.321114498523
2049,8,0,0,17.18,2.28994534587584,76.22,3.49,0,1,1,0.6,0.421077918717719,6.52518425971973,0.889350645923532,44.3181500271412,3.0041,55.1578628515022,108.34502263732
2049,9,0,0,14.43,1.79968491624477,45.91,2.34,0,1,1,0.6,0.171224479038527,6.35139147044905,0.890937373032774,44.3005243990963,3.0041,54.7181777216167,108.784707767205
2049,10,0,0,11.08,1.25746604930028,58.98,1.25,0,1,1,0.6,0.0913083658620146,6.23271434527413,0.882412391515955,44.277357623143,3.0041,54.4878927257951,109.014992763027
2049,11,0,0,6.75,0.681129100594298,54.73,0.69,0,1,1,0.6,0.0649539049412907,6.16935929689661,0.876094113938427,44.2628161012984,3.0041,54.3773234170747,109.125562071747
2049,12,0,0,3.83,0.391419959832174,67.75,0.5,0,1,1,0.6,0.0534083918122231,6.13324326912964,0.872116651145853,44.2540239685925,3.0041,54.3168922806802,109.185993208142
